{
  "oks_map": 0.5038477111813657,
  "oks_map_50": 0.7036296602254928,
  "oks_map_75": 0.5956094705857681,
  "oks_map_medium": 0.004185689310737217,
  "oks_map_large": 0.5128098889107303,
  "pck_0.05": 0.7606000740832202,
  "per_keypoint_pck_0.05": [
    0.7843014280200695,
    0.7918530274611648,
    0.78356743694306,
    0.75692857852389,
    0.7484740465843058,
    0.7745107584461104,
    0.7600806451612904,
    0.7098129643863694,
    0.37542662116040953,
    0.7988692232055064,
    0.8096430500319144,
    0.7176726316853705,
    0.7085530611219929,
    0.0
  ],
  "test_size": 12761,
  "n_predictions": 42706
}