{
  "oks_map": 0.0014422324351393125,
  "oks_map_50": 0.004272712841136243,
  "oks_map_75": 0.0008224069764614549,
  "oks_map_medium": 0.0,
  "oks_map_large": 0.0007176389705012019,
  "pck_0.05": 0.1371274825936043,
  "per_keypoint_pck_0.05": [
    0.17355729893632382,
    0.15200806103353967,
    0.10579484344373524,
    0.12231642619862165,
    0.11865562591329762,
    0.046812023503132134,
    0.034370645610775664,
    0.09509924288929814,
    0.034071550255536626,
    0.30377821393523063,
    0.21853558125857675,
    0.11387038158691702,
    0.15875244446673017,
    0.0
  ],
  "test_size": 12761,
  "n_predictions": 22531
}
