{
  "oks_map": 0.2198825859667912,
  "oks_map_50": 0.3499294496229553,
  "oks_map_75": 0.24311077138594892,
  "oks_map_medium": 0.0027586317426755947,
  "oks_map_large": 0.22373759523419232,
  "pck_0.05": 0.49576152502718557,
  "per_keypoint_pck_0.05": [
    0.48324642719196603,
    0.5070998796630566,
    0.4852607709750567,
    0.487073680023864,
    0.48118831232287695,
    0.5122984754761093,
    0.47550059502250736,
    0.4845112319212227,
    0.39795046968403075,
    0.5242054511463151,
    0.5610043732494717,
    0.47098406273716165,
    0.47941693892937925,
    0.0
  ],
  "test_size": 12761,
  "n_predictions": 39252
}
