{
  "oks_map": 0.0,
  "oks_map_50": 0.0,
  "oks_map_75": 0.0,
  "oks_map_medium": 0.0,
  "oks_map_large": 0.0,
  "pck_0.05": 0.08001847060096014,
  "per_keypoint_pck_0.05": [
    0.09328194369907791,
    0.04886943836615609,
    0.07986553252177456,
    0.12004621025666784,
    0.055558296738540486,
    0.010821446138711265,
    0.02691965919188751,
    0.03739770019683,
    0.03968938740293356,
    0.19104136663852608,
    0.12776510266838606,
    0.05506180406578813,
    0.11315201948447332,
    0.0
  ],
  "test_size": 12761,
  "n_predictions": 43056
}
