{
  "oks_map": 0.0074921294031186575,
  "oks_map_50": 0.019094140136124815,
  "oks_map_75": 0.009900990099009901,
  "oks_map_medium": 0.0,
  "oks_map_large": 0.0075646522132473285,
  "pck_0.05": 0.1486754370156785,
  "per_keypoint_pck_0.05": [
    0.10983397190293742,
    0.17084516697678973,
    0.10496359347759204,
    0.12484830097087378,
    0.13393966502658913,
    0.19591715389951442,
    0.14898883505371813,
    0.1220836160551177,
    0.12084063047285463,
    0.1657323055360897,
    0.18419079046047698,
    0.16597168597168596,
    0.15649772413440394,
    0.0
  ],
  "test_size": 12761,
  "n_predictions": 31175
}