{
  "oks_map": 0.0003896169365702271,
  "oks_map_50": 0.0008165765030111259,
  "oks_map_75": 0.00035360678925035356,
  "oks_map_medium": 0.0,
  "oks_map_large": 0.0003896169365702271,
  "pck_0.05": 0.04353895820609022,
  "per_keypoint_pck_0.05": [
    0.023577652485904665,
    0.04666666666666667,
    0.02294557097118463,
    0.053580901856763924,
    0.047643707923355774,
    0.05742369374030005,
    0.03278688524590164,
    0.03685636856368564,
    0.04938271604938271,
    0.061812467260345734,
    0.052273915316257184,
    0.03208556149732621,
    0.05350454788657036,
    0.0
  ],
  "test_size": 12761,
  "n_predictions": 1165
}